row,table_column,original,corrupted,error_type,removed_char,position,timestamp
19,location_data._value,ORBOX0012,ORBOX002,Q2_CHAR_MISSING_ORDER_LEVEL,1,7,2025-06-11T11:31:26.678883
20,location_data._value,ORBOX00118,ORBX00118,Q2_CHAR_MISSING_ORDER_LEVEL,O,3,2025-06-11T11:31:26.678916
69,location_data._value,3DOR100041,3DOR10041,Q2_CHAR_MISSING_ORDER_LEVEL,0,7,2025-06-11T11:31:26.678939
71,location_data._value,3DOR100043,3DR100043,Q2_CHAR_MISSING_ORDER_LEVEL,O,2,2025-06-11T11:31:26.678959
73,location_data._value,3DOR100045,3DO100045,Q2_CHAR_MISSING_ORDER_LEVEL,R,3,2025-06-11T11:31:26.678980
75,location_data._value,3DOR100047,3DOR10004,Q2_CHAR_MISSING_ORDER_LEVEL,7,9,2025-06-11T11:31:26.679001
78,location_data._value,3DOR100050,3DOR10000,Q2_CHAR_MISSING_ORDER_LEVEL,5,8,2025-06-11T11:31:26.679021
80,location_data._value,3DOR100052,3DOR10002,Q2_CHAR_MISSING_ORDER_LEVEL,5,8,2025-06-11T11:31:26.679042
82,location_data._value,3DOR100054,3DOR10004,Q2_CHAR_MISSING_ORDER_LEVEL,5,8,2025-06-11T11:31:26.679062
83,location_data._value,3DOR100055,3DOR10005,Q2_CHAR_MISSING_ORDER_LEVEL,5,9,2025-06-11T11:31:26.679082
84,location_data._value,3DOR100056,3DOR10005,Q2_CHAR_MISSING_ORDER_LEVEL,6,9,2025-06-11T11:31:26.679102
87,location_data._value,3DOR100059,3DOR10009,Q2_CHAR_MISSING_ORDER_LEVEL,5,8,2025-06-11T11:31:26.679122
172,location_data._value,3DOR100047,3DOR10004,Q2_CHAR_MISSING_ORDER_LEVEL,7,9,2025-06-11T11:31:26.679143
173,location_data._value,3DOR100045,3DO100045,Q2_CHAR_MISSING_ORDER_LEVEL,R,3,2025-06-11T11:31:26.679162
174,location_data._value,3DOR100050,3DOR10000,Q2_CHAR_MISSING_ORDER_LEVEL,5,8,2025-06-11T11:31:26.679182
180,location_data._value,3DOR100043,3DR100043,Q2_CHAR_MISSING_ORDER_LEVEL,O,2,2025-06-11T11:31:26.679202
181,location_data._value,3DOR100041,3DOR10041,Q2_CHAR_MISSING_ORDER_LEVEL,0,7,2025-06-11T11:31:26.679221
182,location_data._value,Printer_1,Printer1,Q2_CHAR_MISSING_ORDER_LEVEL,_,7,2025-06-11T11:31:26.679242
183,location_data._value,3DOR100056,3DOR10005,Q2_CHAR_MISSING_ORDER_LEVEL,6,9,2025-06-11T11:31:26.679262
185,location_data._value,3DOR100052,3DOR10002,Q2_CHAR_MISSING_ORDER_LEVEL,5,8,2025-06-11T11:31:26.679283
187,location_data._value,3DOR100059,3DOR10009,Q2_CHAR_MISSING_ORDER_LEVEL,5,8,2025-06-11T11:31:26.679303
191,location_data._value,3DOR100055,3DOR10005,Q2_CHAR_MISSING_ORDER_LEVEL,5,9,2025-06-11T11:31:26.679323
192,location_data._value,3DOR100054,3DOR10004,Q2_CHAR_MISSING_ORDER_LEVEL,5,8,2025-06-11T11:31:26.679342
234,relationship_data.child,3DOR100041,3DOR10041,Q2_CHAR_MISSING_ORDER_LEVEL,0,7,2025-06-11T11:31:26.679655
235,relationship_data.child,3DOR100041,3DOR10041,Q2_CHAR_MISSING_ORDER_LEVEL,0,7,2025-06-11T11:31:26.679680
236,relationship_data.child,3DOR100041,3DOR10041,Q2_CHAR_MISSING_ORDER_LEVEL,0,7,2025-06-11T11:31:26.679703
237,relationship_data.child,3DOR100041,3DOR10041,Q2_CHAR_MISSING_ORDER_LEVEL,0,7,2025-06-11T11:31:26.679724
242,relationship_data.child,3DOR100043,3DR100043,Q2_CHAR_MISSING_ORDER_LEVEL,O,2,2025-06-11T11:31:26.679744
243,relationship_data.child,3DOR100043,3DR100043,Q2_CHAR_MISSING_ORDER_LEVEL,O,2,2025-06-11T11:31:26.679764
244,relationship_data.child,3DOR100043,3DR100043,Q2_CHAR_MISSING_ORDER_LEVEL,O,2,2025-06-11T11:31:26.679784
245,relationship_data.child,3DOR100043,3DR100043,Q2_CHAR_MISSING_ORDER_LEVEL,O,2,2025-06-11T11:31:26.679804
248,relationship_data.child,3DOR100045,3DO100045,Q2_CHAR_MISSING_ORDER_LEVEL,R,3,2025-06-11T11:31:26.679824
249,relationship_data.child,3DOR100045,3DO100045,Q2_CHAR_MISSING_ORDER_LEVEL,R,3,2025-06-11T11:31:26.679843
250,relationship_data.child,3DOR100045,3DO100045,Q2_CHAR_MISSING_ORDER_LEVEL,R,3,2025-06-11T11:31:26.679863
251,relationship_data.child,3DOR100045,3DO100045,Q2_CHAR_MISSING_ORDER_LEVEL,R,3,2025-06-11T11:31:26.679882
256,relationship_data.child,3DOR100047,3DOR10004,Q2_CHAR_MISSING_ORDER_LEVEL,7,9,2025-06-11T11:31:26.679902
257,relationship_data.child,3DOR100047,3DOR10004,Q2_CHAR_MISSING_ORDER_LEVEL,7,9,2025-06-11T11:31:26.679922
258,relationship_data.child,3DOR100047,3DOR10004,Q2_CHAR_MISSING_ORDER_LEVEL,7,9,2025-06-11T11:31:26.679942
259,relationship_data.child,3DOR100047,3DOR10004,Q2_CHAR_MISSING_ORDER_LEVEL,7,9,2025-06-11T11:31:26.679962
272,relationship_data.child,3DOR100050,3DOR10000,Q2_CHAR_MISSING_ORDER_LEVEL,5,8,2025-06-11T11:31:26.679982
273,relationship_data.child,3DOR100050,3DOR10000,Q2_CHAR_MISSING_ORDER_LEVEL,5,8,2025-06-11T11:31:26.680001
274,relationship_data.child,3DOR100050,3DOR10000,Q2_CHAR_MISSING_ORDER_LEVEL,5,8,2025-06-11T11:31:26.680021
275,relationship_data.child,3DOR100050,3DOR10000,Q2_CHAR_MISSING_ORDER_LEVEL,5,8,2025-06-11T11:31:26.680041
280,relationship_data.child,3DOR100052,3DOR10002,Q2_CHAR_MISSING_ORDER_LEVEL,5,8,2025-06-11T11:31:26.680061
281,relationship_data.child,3DOR100052,3DOR10002,Q2_CHAR_MISSING_ORDER_LEVEL,5,8,2025-06-11T11:31:26.680080
282,relationship_data.child,3DOR100052,3DOR10002,Q2_CHAR_MISSING_ORDER_LEVEL,5,8,2025-06-11T11:31:26.680101
283,relationship_data.child,3DOR100052,3DOR10002,Q2_CHAR_MISSING_ORDER_LEVEL,5,8,2025-06-11T11:31:26.680121
288,relationship_data.child,3DOR100054,3DOR10004,Q2_CHAR_MISSING_ORDER_LEVEL,5,8,2025-06-11T11:31:26.680141
289,relationship_data.child,3DOR100054,3DOR10004,Q2_CHAR_MISSING_ORDER_LEVEL,5,8,2025-06-11T11:31:26.680161
290,relationship_data.child,3DOR100054,3DOR10004,Q2_CHAR_MISSING_ORDER_LEVEL,5,8,2025-06-11T11:31:26.680181
291,relationship_data.child,3DOR100054,3DOR10004,Q2_CHAR_MISSING_ORDER_LEVEL,5,8,2025-06-11T11:31:26.680202
292,relationship_data.child,3DOR100055,3DOR10005,Q2_CHAR_MISSING_ORDER_LEVEL,5,9,2025-06-11T11:31:26.680222
293,relationship_data.child,3DOR100055,3DOR10005,Q2_CHAR_MISSING_ORDER_LEVEL,5,9,2025-06-11T11:31:26.680242
294,relationship_data.child,3DOR100055,3DOR10005,Q2_CHAR_MISSING_ORDER_LEVEL,5,9,2025-06-11T11:31:26.680262
295,relationship_data.child,3DOR100055,3DOR10005,Q2_CHAR_MISSING_ORDER_LEVEL,5,9,2025-06-11T11:31:26.680281
296,relationship_data.child,3DOR100056,3DOR10005,Q2_CHAR_MISSING_ORDER_LEVEL,6,9,2025-06-11T11:31:26.680301
297,relationship_data.child,3DOR100056,3DOR10005,Q2_CHAR_MISSING_ORDER_LEVEL,6,9,2025-06-11T11:31:26.680322
298,relationship_data.child,3DOR100056,3DOR10005,Q2_CHAR_MISSING_ORDER_LEVEL,6,9,2025-06-11T11:31:26.680342
299,relationship_data.child,3DOR100056,3DOR10005,Q2_CHAR_MISSING_ORDER_LEVEL,6,9,2025-06-11T11:31:26.680364
308,relationship_data.child,3DOR100059,3DOR10009,Q2_CHAR_MISSING_ORDER_LEVEL,5,8,2025-06-11T11:31:26.680384
309,relationship_data.child,3DOR100059,3DOR10009,Q2_CHAR_MISSING_ORDER_LEVEL,5,8,2025-06-11T11:31:26.680404
310,relationship_data.child,3DOR100059,3DOR10009,Q2_CHAR_MISSING_ORDER_LEVEL,5,8,2025-06-11T11:31:26.680424
311,relationship_data.child,3DOR100059,3DOR10009,Q2_CHAR_MISSING_ORDER_LEVEL,5,8,2025-06-11T11:31:26.680444
502,relationship_data.child,Printer_1,Printer1,Q2_CHAR_MISSING_ORDER_LEVEL,_,7,2025-06-11T11:31:26.680464
503,relationship_data.child,Printer_1,Printer1,Q2_CHAR_MISSING_ORDER_LEVEL,_,7,2025-06-11T11:31:26.680484
504,relationship_data.child,Printer_1,Printer1,Q2_CHAR_MISSING_ORDER_LEVEL,_,7,2025-06-11T11:31:26.680504
505,relationship_data.child,Printer_1,Printer1,Q2_CHAR_MISSING_ORDER_LEVEL,_,7,2025-06-11T11:31:26.680524
506,relationship_data.child,Printer_1,Printer1,Q2_CHAR_MISSING_ORDER_LEVEL,_,7,2025-06-11T11:31:26.680543
507,relationship_data.child,Printer_1,Printer1,Q2_CHAR_MISSING_ORDER_LEVEL,_,7,2025-06-11T11:31:26.680563
508,relationship_data.child,Printer_1,Printer1,Q2_CHAR_MISSING_ORDER_LEVEL,_,7,2025-06-11T11:31:26.680583
509,relationship_data.child,Printer_1,Printer1,Q2_CHAR_MISSING_ORDER_LEVEL,_,7,2025-06-11T11:31:26.680603
510,relationship_data.child,Printer_1,Printer1,Q2_CHAR_MISSING_ORDER_LEVEL,_,7,2025-06-11T11:31:26.680623
511,relationship_data.child,Printer_1,Printer1,Q2_CHAR_MISSING_ORDER_LEVEL,_,7,2025-06-11T11:31:26.680642
512,relationship_data.child,Printer_1,Printer1,Q2_CHAR_MISSING_ORDER_LEVEL,_,7,2025-06-11T11:31:26.680662
513,relationship_data.child,Printer_1,Printer1,Q2_CHAR_MISSING_ORDER_LEVEL,_,7,2025-06-11T11:31:26.680682
514,relationship_data.child,Printer_1,Printer1,Q2_CHAR_MISSING_ORDER_LEVEL,_,7,2025-06-11T11:31:26.680702
515,relationship_data.child,Printer_1,Printer1,Q2_CHAR_MISSING_ORDER_LEVEL,_,7,2025-06-11T11:31:26.680721
516,relationship_data.child,Printer_1,Printer1,Q2_CHAR_MISSING_ORDER_LEVEL,_,7,2025-06-11T11:31:26.680742
517,relationship_data.child,Printer_1,Printer1,Q2_CHAR_MISSING_ORDER_LEVEL,_,7,2025-06-11T11:31:26.680762
518,relationship_data.child,Printer_10,Pinter_10,Q2_CHAR_MISSING_ORDER_LEVEL,r,1,2025-06-11T11:31:26.680782
519,relationship_data.child,Printer_10,Pinter_10,Q2_CHAR_MISSING_ORDER_LEVEL,r,1,2025-06-11T11:31:26.680802
520,relationship_data.child,Printer_10,Pinter_10,Q2_CHAR_MISSING_ORDER_LEVEL,r,1,2025-06-11T11:31:26.680821
521,relationship_data.child,Printer_10,Pinter_10,Q2_CHAR_MISSING_ORDER_LEVEL,r,1,2025-06-11T11:31:26.680841
522,relationship_data.child,Printer_10,Pinter_10,Q2_CHAR_MISSING_ORDER_LEVEL,r,1,2025-06-11T11:31:26.680860
523,relationship_data.child,Printer_10,Pinter_10,Q2_CHAR_MISSING_ORDER_LEVEL,r,1,2025-06-11T11:31:26.680879
524,relationship_data.child,Printer_10,Pinter_10,Q2_CHAR_MISSING_ORDER_LEVEL,r,1,2025-06-11T11:31:26.680899
525,relationship_data.child,Printer_10,Pinter_10,Q2_CHAR_MISSING_ORDER_LEVEL,r,1,2025-06-11T11:31:26.680918
526,relationship_data.child,Printer_10,Pinter_10,Q2_CHAR_MISSING_ORDER_LEVEL,r,1,2025-06-11T11:31:26.680937
527,relationship_data.child,Printer_10,Pinter_10,Q2_CHAR_MISSING_ORDER_LEVEL,r,1,2025-06-11T11:31:26.680957
528,relationship_data.child,Printer_10,Pinter_10,Q2_CHAR_MISSING_ORDER_LEVEL,r,1,2025-06-11T11:31:26.680976
529,relationship_data.child,Printer_10,Pinter_10,Q2_CHAR_MISSING_ORDER_LEVEL,r,1,2025-06-11T11:31:26.680995
530,relationship_data.child,Printer_2,Printr_2,Q2_CHAR_MISSING_ORDER_LEVEL,e,5,2025-06-11T11:31:26.681014
531,relationship_data.child,Printer_2,Printr_2,Q2_CHAR_MISSING_ORDER_LEVEL,e,5,2025-06-11T11:31:26.681034
532,relationship_data.child,Printer_2,Printr_2,Q2_CHAR_MISSING_ORDER_LEVEL,e,5,2025-06-11T11:31:26.681054
533,relationship_data.child,Printer_2,Printr_2,Q2_CHAR_MISSING_ORDER_LEVEL,e,5,2025-06-11T11:31:26.681073
534,relationship_data.child,Printer_2,Printr_2,Q2_CHAR_MISSING_ORDER_LEVEL,e,5,2025-06-11T11:31:26.681094
535,relationship_data.child,Printer_2,Printr_2,Q2_CHAR_MISSING_ORDER_LEVEL,e,5,2025-06-11T11:31:26.681114
536,relationship_data.child,Printer_2,Printr_2,Q2_CHAR_MISSING_ORDER_LEVEL,e,5,2025-06-11T11:31:26.681134
537,relationship_data.child,Printer_2,Printr_2,Q2_CHAR_MISSING_ORDER_LEVEL,e,5,2025-06-11T11:31:26.681153
538,relationship_data.child,Printer_2,Printr_2,Q2_CHAR_MISSING_ORDER_LEVEL,e,5,2025-06-11T11:31:26.681172
539,relationship_data.child,Printer_2,Printr_2,Q2_CHAR_MISSING_ORDER_LEVEL,e,5,2025-06-11T11:31:26.681192
540,relationship_data.child,Printer_2,Printr_2,Q2_CHAR_MISSING_ORDER_LEVEL,e,5,2025-06-11T11:31:26.681211
541,relationship_data.child,Printer_2,Printr_2,Q2_CHAR_MISSING_ORDER_LEVEL,e,5,2025-06-11T11:31:26.681231
542,relationship_data.child,Printer_3,Pinter_3,Q2_CHAR_MISSING_ORDER_LEVEL,r,1,2025-06-11T11:31:26.681250
543,relationship_data.child,Printer_3,Pinter_3,Q2_CHAR_MISSING_ORDER_LEVEL,r,1,2025-06-11T11:31:26.681269
544,relationship_data.child,Printer_3,Pinter_3,Q2_CHAR_MISSING_ORDER_LEVEL,r,1,2025-06-11T11:31:26.681288
545,relationship_data.child,Printer_3,Pinter_3,Q2_CHAR_MISSING_ORDER_LEVEL,r,1,2025-06-11T11:31:26.681308
546,relationship_data.child,Printer_3,Pinter_3,Q2_CHAR_MISSING_ORDER_LEVEL,r,1,2025-06-11T11:31:26.681327
547,relationship_data.child,Printer_3,Pinter_3,Q2_CHAR_MISSING_ORDER_LEVEL,r,1,2025-06-11T11:31:26.681347
548,relationship_data.child,Printer_3,Pinter_3,Q2_CHAR_MISSING_ORDER_LEVEL,r,1,2025-06-11T11:31:26.681367
549,relationship_data.child,Printer_3,Pinter_3,Q2_CHAR_MISSING_ORDER_LEVEL,r,1,2025-06-11T11:31:26.681387
550,relationship_data.child,Printer_3,Pinter_3,Q2_CHAR_MISSING_ORDER_LEVEL,r,1,2025-06-11T11:31:26.681644
551,relationship_data.child,Printer_3,Pinter_3,Q2_CHAR_MISSING_ORDER_LEVEL,r,1,2025-06-11T11:31:26.681721
552,relationship_data.child,Printer_3,Pinter_3,Q2_CHAR_MISSING_ORDER_LEVEL,r,1,2025-06-11T11:31:26.681751
553,relationship_data.child,Printer_3,Pinter_3,Q2_CHAR_MISSING_ORDER_LEVEL,r,1,2025-06-11T11:31:26.681774
554,relationship_data.child,Printer_3,Pinter_3,Q2_CHAR_MISSING_ORDER_LEVEL,r,1,2025-06-11T11:31:26.681794
555,relationship_data.child,Printer_3,Pinter_3,Q2_CHAR_MISSING_ORDER_LEVEL,r,1,2025-06-11T11:31:26.681814
556,relationship_data.child,Printer_4,Printr_4,Q2_CHAR_MISSING_ORDER_LEVEL,e,5,2025-06-11T11:31:26.681834
557,relationship_data.child,Printer_4,Printr_4,Q2_CHAR_MISSING_ORDER_LEVEL,e,5,2025-06-11T11:31:26.681854
558,relationship_data.child,Printer_4,Printr_4,Q2_CHAR_MISSING_ORDER_LEVEL,e,5,2025-06-11T11:31:26.681874
559,relationship_data.child,Printer_4,Printr_4,Q2_CHAR_MISSING_ORDER_LEVEL,e,5,2025-06-11T11:31:26.681894
560,relationship_data.child,Printer_4,Printr_4,Q2_CHAR_MISSING_ORDER_LEVEL,e,5,2025-06-11T11:31:26.681915
561,relationship_data.child,Printer_4,Printr_4,Q2_CHAR_MISSING_ORDER_LEVEL,e,5,2025-06-11T11:31:26.681936
562,relationship_data.child,Printer_4,Printr_4,Q2_CHAR_MISSING_ORDER_LEVEL,e,5,2025-06-11T11:31:26.681956
563,relationship_data.child,Printer_4,Printr_4,Q2_CHAR_MISSING_ORDER_LEVEL,e,5,2025-06-11T11:31:26.681975
564,relationship_data.child,Printer_4,Printr_4,Q2_CHAR_MISSING_ORDER_LEVEL,e,5,2025-06-11T11:31:26.681995
565,relationship_data.child,Printer_4,Printr_4,Q2_CHAR_MISSING_ORDER_LEVEL,e,5,2025-06-11T11:31:26.682015
566,relationship_data.child,Printer_4,Printr_4,Q2_CHAR_MISSING_ORDER_LEVEL,e,5,2025-06-11T11:31:26.682034
567,relationship_data.child,Printer_4,Printr_4,Q2_CHAR_MISSING_ORDER_LEVEL,e,5,2025-06-11T11:31:26.682054
568,relationship_data.child,Printer_5,Printer5,Q2_CHAR_MISSING_ORDER_LEVEL,_,7,2025-06-11T11:31:26.682075
569,relationship_data.child,Printer_5,Printer5,Q2_CHAR_MISSING_ORDER_LEVEL,_,7,2025-06-11T11:31:26.682095
570,relationship_data.child,Printer_5,Printer5,Q2_CHAR_MISSING_ORDER_LEVEL,_,7,2025-06-11T11:31:26.682114
571,relationship_data.child,Printer_5,Printer5,Q2_CHAR_MISSING_ORDER_LEVEL,_,7,2025-06-11T11:31:26.682134
572,relationship_data.child,Printer_5,Printer5,Q2_CHAR_MISSING_ORDER_LEVEL,_,7,2025-06-11T11:31:26.682154
573,relationship_data.child,Printer_5,Printer5,Q2_CHAR_MISSING_ORDER_LEVEL,_,7,2025-06-11T11:31:26.682174
574,relationship_data.child,Printer_5,Printer5,Q2_CHAR_MISSING_ORDER_LEVEL,_,7,2025-06-11T11:31:26.682194
575,relationship_data.child,Printer_5,Printer5,Q2_CHAR_MISSING_ORDER_LEVEL,_,7,2025-06-11T11:31:26.682213
576,relationship_data.child,Printer_6,Printe_6,Q2_CHAR_MISSING_ORDER_LEVEL,r,6,2025-06-11T11:31:26.682233
577,relationship_data.child,Printer_6,Printe_6,Q2_CHAR_MISSING_ORDER_LEVEL,r,6,2025-06-11T11:31:26.682252
578,relationship_data.child,Printer_6,Printe_6,Q2_CHAR_MISSING_ORDER_LEVEL,r,6,2025-06-11T11:31:26.682271
579,relationship_data.child,Printer_6,Printe_6,Q2_CHAR_MISSING_ORDER_LEVEL,r,6,2025-06-11T11:31:26.682292
580,relationship_data.child,Printer_6,Printe_6,Q2_CHAR_MISSING_ORDER_LEVEL,r,6,2025-06-11T11:31:26.682312
581,relationship_data.child,Printer_6,Printe_6,Q2_CHAR_MISSING_ORDER_LEVEL,r,6,2025-06-11T11:31:26.682332
582,relationship_data.child,Printer_6,Printe_6,Q2_CHAR_MISSING_ORDER_LEVEL,r,6,2025-06-11T11:31:26.682352
583,relationship_data.child,Printer_6,Printe_6,Q2_CHAR_MISSING_ORDER_LEVEL,r,6,2025-06-11T11:31:26.682371
584,relationship_data.child,Printer_6,Printe_6,Q2_CHAR_MISSING_ORDER_LEVEL,r,6,2025-06-11T11:31:26.682391
585,relationship_data.child,Printer_6,Printe_6,Q2_CHAR_MISSING_ORDER_LEVEL,r,6,2025-06-11T11:31:26.682411
586,relationship_data.child,Printer_6,Printe_6,Q2_CHAR_MISSING_ORDER_LEVEL,r,6,2025-06-11T11:31:26.682431
587,relationship_data.child,Printer_6,Printe_6,Q2_CHAR_MISSING_ORDER_LEVEL,r,6,2025-06-11T11:31:26.682451
588,relationship_data.child,Printer_6,Printe_6,Q2_CHAR_MISSING_ORDER_LEVEL,r,6,2025-06-11T11:31:26.682471
589,relationship_data.child,Printer_6,Printe_6,Q2_CHAR_MISSING_ORDER_LEVEL,r,6,2025-06-11T11:31:26.682491
590,relationship_data.child,Printer_7,Priner_7,Q2_CHAR_MISSING_ORDER_LEVEL,t,4,2025-06-11T11:31:26.682510
591,relationship_data.child,Printer_7,Priner_7,Q2_CHAR_MISSING_ORDER_LEVEL,t,4,2025-06-11T11:31:26.682529
592,relationship_data.child,Printer_7,Priner_7,Q2_CHAR_MISSING_ORDER_LEVEL,t,4,2025-06-11T11:31:26.682548
593,relationship_data.child,Printer_7,Priner_7,Q2_CHAR_MISSING_ORDER_LEVEL,t,4,2025-06-11T11:31:26.682567
594,relationship_data.child,Printer_7,Priner_7,Q2_CHAR_MISSING_ORDER_LEVEL,t,4,2025-06-11T11:31:26.682587
595,relationship_data.child,Printer_7,Priner_7,Q2_CHAR_MISSING_ORDER_LEVEL,t,4,2025-06-11T11:31:26.682606
596,relationship_data.child,Printer_7,Priner_7,Q2_CHAR_MISSING_ORDER_LEVEL,t,4,2025-06-11T11:31:26.682625
597,relationship_data.child,Printer_7,Priner_7,Q2_CHAR_MISSING_ORDER_LEVEL,t,4,2025-06-11T11:31:26.682644
598,relationship_data.child,Printer_7,Priner_7,Q2_CHAR_MISSING_ORDER_LEVEL,t,4,2025-06-11T11:31:26.682663
599,relationship_data.child,Printer_7,Priner_7,Q2_CHAR_MISSING_ORDER_LEVEL,t,4,2025-06-11T11:31:26.682682
610,relationship_data.child,Printer_9,Priter_9,Q2_CHAR_MISSING_ORDER_LEVEL,n,3,2025-06-11T11:31:26.682701
611,relationship_data.child,Printer_9,Priter_9,Q2_CHAR_MISSING_ORDER_LEVEL,n,3,2025-06-11T11:31:26.682721
612,relationship_data.child,Printer_9,Priter_9,Q2_CHAR_MISSING_ORDER_LEVEL,n,3,2025-06-11T11:31:26.682740
613,relationship_data.child,Printer_9,Priter_9,Q2_CHAR_MISSING_ORDER_LEVEL,n,3,2025-06-11T11:31:26.682762
614,relationship_data.child,Printer_9,Priter_9,Q2_CHAR_MISSING_ORDER_LEVEL,n,3,2025-06-11T11:31:26.682782
615,relationship_data.child,Printer_9,Priter_9,Q2_CHAR_MISSING_ORDER_LEVEL,n,3,2025-06-11T11:31:26.682801
616,relationship_data.child,Printer_9,Priter_9,Q2_CHAR_MISSING_ORDER_LEVEL,n,3,2025-06-11T11:31:26.682820
617,relationship_data.child,Printer_9,Priter_9,Q2_CHAR_MISSING_ORDER_LEVEL,n,3,2025-06-11T11:31:26.682839
618,relationship_data.child,Printer_9,Priter_9,Q2_CHAR_MISSING_ORDER_LEVEL,n,3,2025-06-11T11:31:26.682858
619,relationship_data.child,Printer_9,Priter_9,Q2_CHAR_MISSING_ORDER_LEVEL,n,3,2025-06-11T11:31:26.682876
620,relationship_data.child,Printer_9,Priter_9,Q2_CHAR_MISSING_ORDER_LEVEL,n,3,2025-06-11T11:31:26.682895
621,relationship_data.child,Printer_9,Priter_9,Q2_CHAR_MISSING_ORDER_LEVEL,n,3,2025-06-11T11:31:26.682914
622,relationship_data.child,Printer_9,Priter_9,Q2_CHAR_MISSING_ORDER_LEVEL,n,3,2025-06-11T11:31:26.682933
623,relationship_data.child,Printer_9,Priter_9,Q2_CHAR_MISSING_ORDER_LEVEL,n,3,2025-06-11T11:31:26.682951
624,relationship_data.child,Printer_9,Priter_9,Q2_CHAR_MISSING_ORDER_LEVEL,n,3,2025-06-11T11:31:26.682970
625,relationship_data.child,Printer_9,Priter_9,Q2_CHAR_MISSING_ORDER_LEVEL,n,3,2025-06-11T11:31:26.682988
0,relationship_data.parent,Printer_1,Printer1,Q2_CHAR_MISSING_ORDER_LEVEL,_,7,2025-06-11T11:31:26.683266
1,relationship_data.parent,Printer_1,Printer1,Q2_CHAR_MISSING_ORDER_LEVEL,_,7,2025-06-11T11:31:26.683291
2,relationship_data.parent,Printer_1,Printer1,Q2_CHAR_MISSING_ORDER_LEVEL,_,7,2025-06-11T11:31:26.683312
3,relationship_data.parent,Printer_1,Printer1,Q2_CHAR_MISSING_ORDER_LEVEL,_,7,2025-06-11T11:31:26.683333
4,relationship_data.parent,Printer_1,Printer1,Q2_CHAR_MISSING_ORDER_LEVEL,_,7,2025-06-11T11:31:26.683352
5,relationship_data.parent,Printer_1,Printer1,Q2_CHAR_MISSING_ORDER_LEVEL,_,7,2025-06-11T11:31:26.683371
6,relationship_data.parent,Printer_1,Printer1,Q2_CHAR_MISSING_ORDER_LEVEL,_,7,2025-06-11T11:31:26.683390
7,relationship_data.parent,Printer_1,Printer1,Q2_CHAR_MISSING_ORDER_LEVEL,_,7,2025-06-11T11:31:26.683409
8,relationship_data.parent,Printer_10,Pinter_10,Q2_CHAR_MISSING_ORDER_LEVEL,r,1,2025-06-11T11:31:26.683428
9,relationship_data.parent,Printer_10,Pinter_10,Q2_CHAR_MISSING_ORDER_LEVEL,r,1,2025-06-11T11:31:26.683446
10,relationship_data.parent,Printer_2,Printr_2,Q2_CHAR_MISSING_ORDER_LEVEL,e,5,2025-06-11T11:31:26.683465
11,relationship_data.parent,Printer_2,Printr_2,Q2_CHAR_MISSING_ORDER_LEVEL,e,5,2025-06-11T11:31:26.683484
12,relationship_data.parent,Printer_2,Printr_2,Q2_CHAR_MISSING_ORDER_LEVEL,e,5,2025-06-11T11:31:26.683503
13,relationship_data.parent,Printer_2,Printr_2,Q2_CHAR_MISSING_ORDER_LEVEL,e,5,2025-06-11T11:31:26.683521
14,relationship_data.parent,Printer_2,Printr_2,Q2_CHAR_MISSING_ORDER_LEVEL,e,5,2025-06-11T11:31:26.683540
15,relationship_data.parent,Printer_2,Printr_2,Q2_CHAR_MISSING_ORDER_LEVEL,e,5,2025-06-11T11:31:26.683558
16,relationship_data.parent,Printer_3,Pinter_3,Q2_CHAR_MISSING_ORDER_LEVEL,r,1,2025-06-11T11:31:26.683577
17,relationship_data.parent,Printer_3,Pinter_3,Q2_CHAR_MISSING_ORDER_LEVEL,r,1,2025-06-11T11:31:26.683595
18,relationship_data.parent,Printer_3,Pinter_3,Q2_CHAR_MISSING_ORDER_LEVEL,r,1,2025-06-11T11:31:26.683614
19,relationship_data.parent,Printer_3,Pinter_3,Q2_CHAR_MISSING_ORDER_LEVEL,r,1,2025-06-11T11:31:26.683632
20,relationship_data.parent,Printer_3,Pinter_3,Q2_CHAR_MISSING_ORDER_LEVEL,r,1,2025-06-11T11:31:26.683651
21,relationship_data.parent,Printer_3,Pinter_3,Q2_CHAR_MISSING_ORDER_LEVEL,r,1,2025-06-11T11:31:26.683669
22,relationship_data.parent,Printer_4,Printr_4,Q2_CHAR_MISSING_ORDER_LEVEL,e,5,2025-06-11T11:31:26.683687
23,relationship_data.parent,Printer_4,Printr_4,Q2_CHAR_MISSING_ORDER_LEVEL,e,5,2025-06-11T11:31:26.683706
24,relationship_data.parent,Printer_4,Printr_4,Q2_CHAR_MISSING_ORDER_LEVEL,e,5,2025-06-11T11:31:26.683724
25,relationship_data.parent,Printer_4,Printr_4,Q2_CHAR_MISSING_ORDER_LEVEL,e,5,2025-06-11T11:31:26.683743
26,relationship_data.parent,Printer_4,Printr_4,Q2_CHAR_MISSING_ORDER_LEVEL,e,5,2025-06-11T11:31:26.683762
27,relationship_data.parent,Printer_4,Printr_4,Q2_CHAR_MISSING_ORDER_LEVEL,e,5,2025-06-11T11:31:26.683781
28,relationship_data.parent,Printer_4,Printr_4,Q2_CHAR_MISSING_ORDER_LEVEL,e,5,2025-06-11T11:31:26.683800
29,relationship_data.parent,Printer_4,Printr_4,Q2_CHAR_MISSING_ORDER_LEVEL,e,5,2025-06-11T11:31:26.683818
30,relationship_data.parent,Printer_5,Printer5,Q2_CHAR_MISSING_ORDER_LEVEL,_,7,2025-06-11T11:31:26.683837
31,relationship_data.parent,Printer_5,Printer5,Q2_CHAR_MISSING_ORDER_LEVEL,_,7,2025-06-11T11:31:26.683856
32,relationship_data.parent,Printer_5,Printer5,Q2_CHAR_MISSING_ORDER_LEVEL,_,7,2025-06-11T11:31:26.683875
33,relationship_data.parent,Printer_5,Printer5,Q2_CHAR_MISSING_ORDER_LEVEL,_,7,2025-06-11T11:31:26.683894
34,relationship_data.parent,Printer_5,Printer5,Q2_CHAR_MISSING_ORDER_LEVEL,_,7,2025-06-11T11:31:26.683913
35,relationship_data.parent,Printer_5,Printer5,Q2_CHAR_MISSING_ORDER_LEVEL,_,7,2025-06-11T11:31:26.683932
36,relationship_data.parent,Printer_6,Printe_6,Q2_CHAR_MISSING_ORDER_LEVEL,r,6,2025-06-11T11:31:26.683950
37,relationship_data.parent,Printer_6,Printe_6,Q2_CHAR_MISSING_ORDER_LEVEL,r,6,2025-06-11T11:31:26.683969
38,relationship_data.parent,Printer_6,Printe_6,Q2_CHAR_MISSING_ORDER_LEVEL,r,6,2025-06-11T11:31:26.683987
39,relationship_data.parent,Printer_6,Printe_6,Q2_CHAR_MISSING_ORDER_LEVEL,r,6,2025-06-11T11:31:26.684006
40,relationship_data.parent,Printer_6,Printe_6,Q2_CHAR_MISSING_ORDER_LEVEL,r,6,2025-06-11T11:31:26.684025
41,relationship_data.parent,Printer_6,Printe_6,Q2_CHAR_MISSING_ORDER_LEVEL,r,6,2025-06-11T11:31:26.684043
42,relationship_data.parent,Printer_6,Printe_6,Q2_CHAR_MISSING_ORDER_LEVEL,r,6,2025-06-11T11:31:26.684062
43,relationship_data.parent,Printer_6,Printe_6,Q2_CHAR_MISSING_ORDER_LEVEL,r,6,2025-06-11T11:31:26.684080
44,relationship_data.parent,Printer_6,Printe_6,Q2_CHAR_MISSING_ORDER_LEVEL,r,6,2025-06-11T11:31:26.684099
45,relationship_data.parent,Printer_6,Printe_6,Q2_CHAR_MISSING_ORDER_LEVEL,r,6,2025-06-11T11:31:26.684118
46,relationship_data.parent,Printer_7,Priner_7,Q2_CHAR_MISSING_ORDER_LEVEL,t,4,2025-06-11T11:31:26.684136
47,relationship_data.parent,Printer_7,Priner_7,Q2_CHAR_MISSING_ORDER_LEVEL,t,4,2025-06-11T11:31:26.684262
48,relationship_data.parent,Printer_7,Priner_7,Q2_CHAR_MISSING_ORDER_LEVEL,t,4,2025-06-11T11:31:26.684298
49,relationship_data.parent,Printer_7,Priner_7,Q2_CHAR_MISSING_ORDER_LEVEL,t,4,2025-06-11T11:31:26.684320
50,relationship_data.parent,Printer_7,Priner_7,Q2_CHAR_MISSING_ORDER_LEVEL,t,4,2025-06-11T11:31:26.684341
51,relationship_data.parent,Printer_7,Priner_7,Q2_CHAR_MISSING_ORDER_LEVEL,t,4,2025-06-11T11:31:26.684361
52,relationship_data.parent,Printer_7,Priner_7,Q2_CHAR_MISSING_ORDER_LEVEL,t,4,2025-06-11T11:31:26.684382
53,relationship_data.parent,Printer_7,Priner_7,Q2_CHAR_MISSING_ORDER_LEVEL,t,4,2025-06-11T11:31:26.684401
62,relationship_data.parent,Printer_9,Priter_9,Q2_CHAR_MISSING_ORDER_LEVEL,n,3,2025-06-11T11:31:26.684421
63,relationship_data.parent,Printer_9,Priter_9,Q2_CHAR_MISSING_ORDER_LEVEL,n,3,2025-06-11T11:31:26.684441
64,relationship_data.parent,Printer_9,Priter_9,Q2_CHAR_MISSING_ORDER_LEVEL,n,3,2025-06-11T11:31:26.684472
65,relationship_data.parent,Printer_9,Priter_9,Q2_CHAR_MISSING_ORDER_LEVEL,n,3,2025-06-11T11:31:26.684493
66,relationship_data.parent,Printer_10,Pinter_10,Q2_CHAR_MISSING_ORDER_LEVEL,r,1,2025-06-11T11:31:26.684513
67,relationship_data.parent,Printer_10,Pinter_10,Q2_CHAR_MISSING_ORDER_LEVEL,r,1,2025-06-11T11:31:26.684533
68,relationship_data.parent,Printer_2,Printr_2,Q2_CHAR_MISSING_ORDER_LEVEL,e,5,2025-06-11T11:31:26.684557
69,relationship_data.parent,Printer_2,Printr_2,Q2_CHAR_MISSING_ORDER_LEVEL,e,5,2025-06-11T11:31:26.684577
70,relationship_data.parent,Printer_3,Pinter_3,Q2_CHAR_MISSING_ORDER_LEVEL,r,1,2025-06-11T11:31:26.684596
71,relationship_data.parent,Printer_3,Pinter_3,Q2_CHAR_MISSING_ORDER_LEVEL,r,1,2025-06-11T11:31:26.684615
72,relationship_data.parent,Printer_4,Printr_4,Q2_CHAR_MISSING_ORDER_LEVEL,e,5,2025-06-11T11:31:26.684635
73,relationship_data.parent,Printer_4,Printr_4,Q2_CHAR_MISSING_ORDER_LEVEL,e,5,2025-06-11T11:31:26.684654
74,relationship_data.parent,Printer_5,Printer5,Q2_CHAR_MISSING_ORDER_LEVEL,_,7,2025-06-11T11:31:26.684674
75,relationship_data.parent,Printer_5,Printer5,Q2_CHAR_MISSING_ORDER_LEVEL,_,7,2025-06-11T11:31:26.684693
76,relationship_data.parent,Printer_6,Printe_6,Q2_CHAR_MISSING_ORDER_LEVEL,r,6,2025-06-11T11:31:26.684712
77,relationship_data.parent,Printer_6,Printe_6,Q2_CHAR_MISSING_ORDER_LEVEL,r,6,2025-06-11T11:31:26.684731
78,relationship_data.parent,Printer_7,Priner_7,Q2_CHAR_MISSING_ORDER_LEVEL,t,4,2025-06-11T11:31:26.684750
79,relationship_data.parent,Printer_7,Priner_7,Q2_CHAR_MISSING_ORDER_LEVEL,t,4,2025-06-11T11:31:26.684769
82,relationship_data.parent,Printer_9,Priter_9,Q2_CHAR_MISSING_ORDER_LEVEL,n,3,2025-06-11T11:31:26.684787
83,relationship_data.parent,Printer_9,Priter_9,Q2_CHAR_MISSING_ORDER_LEVEL,n,3,2025-06-11T11:31:26.684806
88,relationship_data.parent,Printer_7,Priner_7,Q2_CHAR_MISSING_ORDER_LEVEL,t,4,2025-06-11T11:31:26.684824
89,relationship_data.parent,Printer_7,Priner_7,Q2_CHAR_MISSING_ORDER_LEVEL,t,4,2025-06-11T11:31:26.685432
92,relationship_data.parent,Printer_1,Printer1,Q2_CHAR_MISSING_ORDER_LEVEL,_,7,2025-06-11T11:31:26.685464
93,relationship_data.parent,Printer_1,Printer1,Q2_CHAR_MISSING_ORDER_LEVEL,_,7,2025-06-11T11:31:26.685486
96,relationship_data.parent,Printer_10,Pinter_10,Q2_CHAR_MISSING_ORDER_LEVEL,r,1,2025-06-11T11:31:26.685507
97,relationship_data.parent,Printer_10,Pinter_10,Q2_CHAR_MISSING_ORDER_LEVEL,r,1,2025-06-11T11:31:26.685526
100,relationship_data.parent,Printer_10,Pinter_10,Q2_CHAR_MISSING_ORDER_LEVEL,r,1,2025-06-11T11:31:26.685545
101,relationship_data.parent,Printer_10,Pinter_10,Q2_CHAR_MISSING_ORDER_LEVEL,r,1,2025-06-11T11:31:26.685563
104,relationship_data.parent,Printer_2,Printr_2,Q2_CHAR_MISSING_ORDER_LEVEL,e,5,2025-06-11T11:31:26.685582
105,relationship_data.parent,Printer_2,Printr_2,Q2_CHAR_MISSING_ORDER_LEVEL,e,5,2025-06-11T11:31:26.685602
108,relationship_data.parent,Printer_1,Printer1,Q2_CHAR_MISSING_ORDER_LEVEL,_,7,2025-06-11T11:31:26.685621
109,relationship_data.parent,Printer_1,Printer1,Q2_CHAR_MISSING_ORDER_LEVEL,_,7,2025-06-11T11:31:26.685640
114,relationship_data.parent,Printer_2,Printr_2,Q2_CHAR_MISSING_ORDER_LEVEL,e,5,2025-06-11T11:31:26.685659
115,relationship_data.parent,Printer_2,Printr_2,Q2_CHAR_MISSING_ORDER_LEVEL,e,5,2025-06-11T11:31:26.685678
118,relationship_data.parent,Printer_3,Pinter_3,Q2_CHAR_MISSING_ORDER_LEVEL,r,1,2025-06-11T11:31:26.685697
119,relationship_data.parent,Printer_3,Pinter_3,Q2_CHAR_MISSING_ORDER_LEVEL,r,1,2025-06-11T11:31:26.685715
122,relationship_data.parent,Printer_4,Printr_4,Q2_CHAR_MISSING_ORDER_LEVEL,e,5,2025-06-11T11:31:26.685734
123,relationship_data.parent,Printer_4,Printr_4,Q2_CHAR_MISSING_ORDER_LEVEL,e,5,2025-06-11T11:31:26.685753
126,relationship_data.parent,Printer_5,Printer5,Q2_CHAR_MISSING_ORDER_LEVEL,_,7,2025-06-11T11:31:26.685774
127,relationship_data.parent,Printer_5,Printer5,Q2_CHAR_MISSING_ORDER_LEVEL,_,7,2025-06-11T11:31:26.685793
128,relationship_data.parent,Printer_6,Printe_6,Q2_CHAR_MISSING_ORDER_LEVEL,r,6,2025-06-11T11:31:26.685812
129,relationship_data.parent,Printer_6,Printe_6,Q2_CHAR_MISSING_ORDER_LEVEL,r,6,2025-06-11T11:31:26.685831
132,relationship_data.parent,Printer_7,Priner_7,Q2_CHAR_MISSING_ORDER_LEVEL,t,4,2025-06-11T11:31:26.685850
133,relationship_data.parent,Printer_7,Priner_7,Q2_CHAR_MISSING_ORDER_LEVEL,t,4,2025-06-11T11:31:26.685869
140,relationship_data.parent,Printer_9,Priter_9,Q2_CHAR_MISSING_ORDER_LEVEL,n,3,2025-06-11T11:31:26.685888
141,relationship_data.parent,Printer_9,Priter_9,Q2_CHAR_MISSING_ORDER_LEVEL,n,3,2025-06-11T11:31:26.685906
144,relationship_data.parent,Printer_2,Printr_2,Q2_CHAR_MISSING_ORDER_LEVEL,e,5,2025-06-11T11:31:26.685925
145,relationship_data.parent,Printer_2,Printr_2,Q2_CHAR_MISSING_ORDER_LEVEL,e,5,2025-06-11T11:31:26.685944
148,relationship_data.parent,Printer_10,Pinter_10,Q2_CHAR_MISSING_ORDER_LEVEL,r,1,2025-06-11T11:31:26.685962
149,relationship_data.parent,Printer_10,Pinter_10,Q2_CHAR_MISSING_ORDER_LEVEL,r,1,2025-06-11T11:31:26.685981
152,relationship_data.parent,Printer_1,Printer1,Q2_CHAR_MISSING_ORDER_LEVEL,_,7,2025-06-11T11:31:26.685999
153,relationship_data.parent,Printer_1,Printer1,Q2_CHAR_MISSING_ORDER_LEVEL,_,7,2025-06-11T11:31:26.686018
156,relationship_data.parent,Printer_2,Printr_2,Q2_CHAR_MISSING_ORDER_LEVEL,e,5,2025-06-11T11:31:26.686037
157,relationship_data.parent,Printer_2,Printr_2,Q2_CHAR_MISSING_ORDER_LEVEL,e,5,2025-06-11T11:31:26.686056
160,relationship_data.parent,Printer_3,Pinter_3,Q2_CHAR_MISSING_ORDER_LEVEL,r,1,2025-06-11T11:31:26.686075
161,relationship_data.parent,Printer_3,Pinter_3,Q2_CHAR_MISSING_ORDER_LEVEL,r,1,2025-06-11T11:31:26.686093
164,relationship_data.parent,Printer_4,Printr_4,Q2_CHAR_MISSING_ORDER_LEVEL,e,5,2025-06-11T11:31:26.686112
165,relationship_data.parent,Printer_4,Printr_4,Q2_CHAR_MISSING_ORDER_LEVEL,e,5,2025-06-11T11:31:26.686132
168,relationship_data.parent,Printer_5,Printer5,Q2_CHAR_MISSING_ORDER_LEVEL,_,7,2025-06-11T11:31:26.686151
169,relationship_data.parent,Printer_5,Printer5,Q2_CHAR_MISSING_ORDER_LEVEL,_,7,2025-06-11T11:31:26.686170
172,relationship_data.parent,Printer_6,Printe_6,Q2_CHAR_MISSING_ORDER_LEVEL,r,6,2025-06-11T11:31:26.686189
173,relationship_data.parent,Printer_6,Printe_6,Q2_CHAR_MISSING_ORDER_LEVEL,r,6,2025-06-11T11:31:26.686207
188,relationship_data.parent,Printer_10,Pinter_10,Q2_CHAR_MISSING_ORDER_LEVEL,r,1,2025-06-11T11:31:26.686226
189,relationship_data.parent,Printer_10,Pinter_10,Q2_CHAR_MISSING_ORDER_LEVEL,r,1,2025-06-11T11:31:26.686245
192,relationship_data.parent,Printer_1,Printer1,Q2_CHAR_MISSING_ORDER_LEVEL,_,7,2025-06-11T11:31:26.686264
193,relationship_data.parent,Printer_1,Printer1,Q2_CHAR_MISSING_ORDER_LEVEL,_,7,2025-06-11T11:31:26.686284
196,relationship_data.parent,Printer_2,Printr_2,Q2_CHAR_MISSING_ORDER_LEVEL,e,5,2025-06-11T11:31:26.686303
197,relationship_data.parent,Printer_2,Printr_2,Q2_CHAR_MISSING_ORDER_LEVEL,e,5,2025-06-11T11:31:26.686323
200,relationship_data.parent,Printer_3,Pinter_3,Q2_CHAR_MISSING_ORDER_LEVEL,r,1,2025-06-11T11:31:26.686342
201,relationship_data.parent,Printer_3,Pinter_3,Q2_CHAR_MISSING_ORDER_LEVEL,r,1,2025-06-11T11:31:26.686361
204,relationship_data.parent,Printer_5,Printer5,Q2_CHAR_MISSING_ORDER_LEVEL,_,7,2025-06-11T11:31:26.686381
205,relationship_data.parent,Printer_5,Printer5,Q2_CHAR_MISSING_ORDER_LEVEL,_,7,2025-06-11T11:31:26.686400
208,relationship_data.parent,Printer_5,Printer5,Q2_CHAR_MISSING_ORDER_LEVEL,_,7,2025-06-11T11:31:26.686423
209,relationship_data.parent,Printer_5,Printer5,Q2_CHAR_MISSING_ORDER_LEVEL,_,7,2025-06-11T11:31:26.686443
212,relationship_data.parent,Printer_6,Printe_6,Q2_CHAR_MISSING_ORDER_LEVEL,r,6,2025-06-11T11:31:26.686462
213,relationship_data.parent,Printer_6,Printe_6,Q2_CHAR_MISSING_ORDER_LEVEL,r,6,2025-06-11T11:31:26.686482
216,relationship_data.parent,Printer_7,Priner_7,Q2_CHAR_MISSING_ORDER_LEVEL,t,4,2025-06-11T11:31:26.686501
217,relationship_data.parent,Printer_7,Priner_7,Q2_CHAR_MISSING_ORDER_LEVEL,t,4,2025-06-11T11:31:26.686520
224,relationship_data.parent,Printer_9,Priter_9,Q2_CHAR_MISSING_ORDER_LEVEL,n,3,2025-06-11T11:31:26.686539
225,relationship_data.parent,Printer_9,Priter_9,Q2_CHAR_MISSING_ORDER_LEVEL,n,3,2025-06-11T11:31:26.686558
228,relationship_data.parent,Printer_4,Printr_4,Q2_CHAR_MISSING_ORDER_LEVEL,e,5,2025-06-11T11:31:26.686578
229,relationship_data.parent,Printer_4,Printr_4,Q2_CHAR_MISSING_ORDER_LEVEL,e,5,2025-06-11T11:31:26.686597
232,relationship_data.parent,Printer_10,Pinter_10,Q2_CHAR_MISSING_ORDER_LEVEL,r,1,2025-06-11T11:31:26.686616
233,relationship_data.parent,Printer_10,Pinter_10,Q2_CHAR_MISSING_ORDER_LEVEL,r,1,2025-06-11T11:31:26.686635
234,relationship_data.parent,ORBOX0012,ORBOX002,Q2_CHAR_MISSING_ORDER_LEVEL,1,7,2025-06-11T11:31:26.686658
235,relationship_data.parent,ORBOX0012,ORBOX002,Q2_CHAR_MISSING_ORDER_LEVEL,1,7,2025-06-11T11:31:26.686677
236,relationship_data.parent,Printer_1,Printer1,Q2_CHAR_MISSING_ORDER_LEVEL,_,7,2025-06-11T11:31:26.686696
237,relationship_data.parent,Printer_1,Printer1,Q2_CHAR_MISSING_ORDER_LEVEL,_,7,2025-06-11T11:31:26.686715
240,relationship_data.parent,Printer_2,Printr_2,Q2_CHAR_MISSING_ORDER_LEVEL,e,5,2025-06-11T11:31:26.686734
241,relationship_data.parent,Printer_2,Printr_2,Q2_CHAR_MISSING_ORDER_LEVEL,e,5,2025-06-11T11:31:26.686753
242,relationship_data.parent,ORBOX0012,ORBOX002,Q2_CHAR_MISSING_ORDER_LEVEL,1,7,2025-06-11T11:31:26.686772
243,relationship_data.parent,ORBOX0012,ORBOX002,Q2_CHAR_MISSING_ORDER_LEVEL,1,7,2025-06-11T11:31:26.686791
244,relationship_data.parent,Printer_3,Pinter_3,Q2_CHAR_MISSING_ORDER_LEVEL,r,1,2025-06-11T11:31:26.686809
245,relationship_data.parent,Printer_3,Pinter_3,Q2_CHAR_MISSING_ORDER_LEVEL,r,1,2025-06-11T11:31:26.686828
248,relationship_data.parent,ORBOX0012,ORBOX002,Q2_CHAR_MISSING_ORDER_LEVEL,1,7,2025-06-11T11:31:26.686847
249,relationship_data.parent,ORBOX0012,ORBOX002,Q2_CHAR_MISSING_ORDER_LEVEL,1,7,2025-06-11T11:31:26.686866
250,relationship_data.parent,Printer_5,Printer5,Q2_CHAR_MISSING_ORDER_LEVEL,_,7,2025-06-11T11:31:26.686885
251,relationship_data.parent,Printer_5,Printer5,Q2_CHAR_MISSING_ORDER_LEVEL,_,7,2025-06-11T11:31:26.686904
254,relationship_data.parent,Printer_6,Printe_6,Q2_CHAR_MISSING_ORDER_LEVEL,r,6,2025-06-11T11:31:26.686923
255,relationship_data.parent,Printer_6,Printe_6,Q2_CHAR_MISSING_ORDER_LEVEL,r,6,2025-06-11T11:31:26.686945
256,relationship_data.parent,ORBOX0012,ORBOX002,Q2_CHAR_MISSING_ORDER_LEVEL,1,7,2025-06-11T11:31:26.686963
257,relationship_data.parent,ORBOX0012,ORBOX002,Q2_CHAR_MISSING_ORDER_LEVEL,1,7,2025-06-11T11:31:26.686986
258,relationship_data.parent,Printer_7,Priner_7,Q2_CHAR_MISSING_ORDER_LEVEL,t,4,2025-06-11T11:31:26.687005
259,relationship_data.parent,Printer_7,Priner_7,Q2_CHAR_MISSING_ORDER_LEVEL,t,4,2025-06-11T11:31:26.687024
266,relationship_data.parent,Printer_9,Priter_9,Q2_CHAR_MISSING_ORDER_LEVEL,n,3,2025-06-11T11:31:26.687043
267,relationship_data.parent,Printer_9,Priter_9,Q2_CHAR_MISSING_ORDER_LEVEL,n,3,2025-06-11T11:31:26.687062
270,relationship_data.parent,Printer_5,Printer5,Q2_CHAR_MISSING_ORDER_LEVEL,_,7,2025-06-11T11:31:26.687082
271,relationship_data.parent,Printer_5,Printer5,Q2_CHAR_MISSING_ORDER_LEVEL,_,7,2025-06-11T11:31:26.687103
272,relationship_data.parent,ORBOX0012,ORBOX002,Q2_CHAR_MISSING_ORDER_LEVEL,1,7,2025-06-11T11:31:26.687123
273,relationship_data.parent,ORBOX0012,ORBOX002,Q2_CHAR_MISSING_ORDER_LEVEL,1,7,2025-06-11T11:31:26.687143
274,relationship_data.parent,Printer_10,Pinter_10,Q2_CHAR_MISSING_ORDER_LEVEL,r,1,2025-06-11T11:31:26.687162
275,relationship_data.parent,Printer_10,Pinter_10,Q2_CHAR_MISSING_ORDER_LEVEL,r,1,2025-06-11T11:31:26.687181
278,relationship_data.parent,Printer_1,Printer1,Q2_CHAR_MISSING_ORDER_LEVEL,_,7,2025-06-11T11:31:26.687201
279,relationship_data.parent,Printer_1,Printer1,Q2_CHAR_MISSING_ORDER_LEVEL,_,7,2025-06-11T11:31:26.687220
280,relationship_data.parent,ORBOX00118,ORBX00118,Q2_CHAR_MISSING_ORDER_LEVEL,O,3,2025-06-11T11:31:26.687239
281,relationship_data.parent,ORBOX00118,ORBX00118,Q2_CHAR_MISSING_ORDER_LEVEL,O,3,2025-06-11T11:31:26.687258
282,relationship_data.parent,Printer_2,Printr_2,Q2_CHAR_MISSING_ORDER_LEVEL,e,5,2025-06-11T11:31:26.687278
283,relationship_data.parent,Printer_2,Printr_2,Q2_CHAR_MISSING_ORDER_LEVEL,e,5,2025-06-11T11:31:26.687300
286,relationship_data.parent,Printer_3,Pinter_3,Q2_CHAR_MISSING_ORDER_LEVEL,r,1,2025-06-11T11:31:26.687320
287,relationship_data.parent,Printer_3,Pinter_3,Q2_CHAR_MISSING_ORDER_LEVEL,r,1,2025-06-11T11:31:26.687340
288,relationship_data.parent,ORBOX00118,ORBX00118,Q2_CHAR_MISSING_ORDER_LEVEL,O,3,2025-06-11T11:31:26.687359
289,relationship_data.parent,ORBOX00118,ORBX00118,Q2_CHAR_MISSING_ORDER_LEVEL,O,3,2025-06-11T11:31:26.687378
290,relationship_data.parent,Printer_4,Printr_4,Q2_CHAR_MISSING_ORDER_LEVEL,e,5,2025-06-11T11:31:26.687398
291,relationship_data.parent,Printer_4,Printr_4,Q2_CHAR_MISSING_ORDER_LEVEL,e,5,2025-06-11T11:31:26.687417
292,relationship_data.parent,ORBOX00118,ORBX00118,Q2_CHAR_MISSING_ORDER_LEVEL,O,3,2025-06-11T11:31:26.687437
293,relationship_data.parent,ORBOX00118,ORBX00118,Q2_CHAR_MISSING_ORDER_LEVEL,O,3,2025-06-11T11:31:26.687456
294,relationship_data.parent,Printer_5,Printer5,Q2_CHAR_MISSING_ORDER_LEVEL,_,7,2025-06-11T11:31:26.687476
295,relationship_data.parent,Printer_5,Printer5,Q2_CHAR_MISSING_ORDER_LEVEL,_,7,2025-06-11T11:31:26.687495
296,relationship_data.parent,ORBOX00118,ORBX00118,Q2_CHAR_MISSING_ORDER_LEVEL,O,3,2025-06-11T11:31:26.687514
297,relationship_data.parent,ORBOX00118,ORBX00118,Q2_CHAR_MISSING_ORDER_LEVEL,O,3,2025-06-11T11:31:26.687534
298,relationship_data.parent,Printer_6,Printe_6,Q2_CHAR_MISSING_ORDER_LEVEL,r,6,2025-06-11T11:31:26.687553
299,relationship_data.parent,Printer_6,Printe_6,Q2_CHAR_MISSING_ORDER_LEVEL,r,6,2025-06-11T11:31:26.687573
302,relationship_data.parent,Printer_7,Priner_7,Q2_CHAR_MISSING_ORDER_LEVEL,t,4,2025-06-11T11:31:26.687592
303,relationship_data.parent,Printer_7,Priner_7,Q2_CHAR_MISSING_ORDER_LEVEL,t,4,2025-06-11T11:31:26.687611
308,relationship_data.parent,ORBOX00118,ORBX00118,Q2_CHAR_MISSING_ORDER_LEVEL,O,3,2025-06-11T11:31:26.687630
309,relationship_data.parent,ORBOX00118,ORBX00118,Q2_CHAR_MISSING_ORDER_LEVEL,O,3,2025-06-11T11:31:26.687650
310,relationship_data.parent,Printer_9,Priter_9,Q2_CHAR_MISSING_ORDER_LEVEL,n,3,2025-06-11T11:31:26.687669
311,relationship_data.parent,Printer_9,Priter_9,Q2_CHAR_MISSING_ORDER_LEVEL,n,3,2025-06-11T11:31:26.687688
314,relationship_data.parent,Printer_6,Printe_6,Q2_CHAR_MISSING_ORDER_LEVEL,r,6,2025-06-11T11:31:26.687707
315,relationship_data.parent,Printer_6,Printe_6,Q2_CHAR_MISSING_ORDER_LEVEL,r,6,2025-06-11T11:31:26.687727
318,relationship_data.parent,Printer_10,Pinter_10,Q2_CHAR_MISSING_ORDER_LEVEL,r,1,2025-06-11T11:31:26.687745
319,relationship_data.parent,Printer_10,Pinter_10,Q2_CHAR_MISSING_ORDER_LEVEL,r,1,2025-06-11T11:31:26.687763
322,relationship_data.parent,Printer_1,Printer1,Q2_CHAR_MISSING_ORDER_LEVEL,_,7,2025-06-11T11:31:26.687783
323,relationship_data.parent,Printer_1,Printer1,Q2_CHAR_MISSING_ORDER_LEVEL,_,7,2025-06-11T11:31:26.687803
326,relationship_data.parent,Printer_2,Printr_2,Q2_CHAR_MISSING_ORDER_LEVEL,e,5,2025-06-11T11:31:26.687822
327,relationship_data.parent,Printer_2,Printr_2,Q2_CHAR_MISSING_ORDER_LEVEL,e,5,2025-06-11T11:31:26.687841
330,relationship_data.parent,Printer_3,Pinter_3,Q2_CHAR_MISSING_ORDER_LEVEL,r,1,2025-06-11T11:31:26.687859
331,relationship_data.parent,Printer_3,Pinter_3,Q2_CHAR_MISSING_ORDER_LEVEL,r,1,2025-06-11T11:31:26.687878
334,relationship_data.parent,Printer_4,Printr_4,Q2_CHAR_MISSING_ORDER_LEVEL,e,5,2025-06-11T11:31:26.687897
335,relationship_data.parent,Printer_4,Printr_4,Q2_CHAR_MISSING_ORDER_LEVEL,e,5,2025-06-11T11:31:26.687915
338,relationship_data.parent,Printer_5,Printer5,Q2_CHAR_MISSING_ORDER_LEVEL,_,7,2025-06-11T11:31:26.687934
339,relationship_data.parent,Printer_5,Printer5,Q2_CHAR_MISSING_ORDER_LEVEL,_,7,2025-06-11T11:31:26.687953
342,relationship_data.parent,Printer_6,Printe_6,Q2_CHAR_MISSING_ORDER_LEVEL,r,6,2025-06-11T11:31:26.687972
343,relationship_data.parent,Printer_6,Printe_6,Q2_CHAR_MISSING_ORDER_LEVEL,r,6,2025-06-11T11:31:26.687991
346,relationship_data.parent,Printer_7,Priner_7,Q2_CHAR_MISSING_ORDER_LEVEL,t,4,2025-06-11T11:31:26.688010
347,relationship_data.parent,Printer_7,Priner_7,Q2_CHAR_MISSING_ORDER_LEVEL,t,4,2025-06-11T11:31:26.688028
354,relationship_data.parent,Printer_9,Priter_9,Q2_CHAR_MISSING_ORDER_LEVEL,n,3,2025-06-11T11:31:26.688047
355,relationship_data.parent,Printer_9,Priter_9,Q2_CHAR_MISSING_ORDER_LEVEL,n,3,2025-06-11T11:31:26.688066
358,relationship_data.parent,Printer_7,Priner_7,Q2_CHAR_MISSING_ORDER_LEVEL,t,4,2025-06-11T11:31:26.688084
359,relationship_data.parent,Printer_7,Priner_7,Q2_CHAR_MISSING_ORDER_LEVEL,t,4,2025-06-11T11:31:26.688103
362,relationship_data.parent,Printer_10,Pinter_10,Q2_CHAR_MISSING_ORDER_LEVEL,r,1,2025-06-11T11:31:26.688121
363,relationship_data.parent,Printer_10,Pinter_10,Q2_CHAR_MISSING_ORDER_LEVEL,r,1,2025-06-11T11:31:26.688140
366,relationship_data.parent,Printer_1,Printer1,Q2_CHAR_MISSING_ORDER_LEVEL,_,7,2025-06-11T11:31:26.688158
367,relationship_data.parent,Printer_1,Printer1,Q2_CHAR_MISSING_ORDER_LEVEL,_,7,2025-06-11T11:31:26.688177
370,relationship_data.parent,Printer_2,Printr_2,Q2_CHAR_MISSING_ORDER_LEVEL,e,5,2025-06-11T11:31:26.688196
371,relationship_data.parent,Printer_2,Printr_2,Q2_CHAR_MISSING_ORDER_LEVEL,e,5,2025-06-11T11:31:26.688214
374,relationship_data.parent,Printer_3,Pinter_3,Q2_CHAR_MISSING_ORDER_LEVEL,r,1,2025-06-11T11:31:26.688233
375,relationship_data.parent,Printer_3,Pinter_3,Q2_CHAR_MISSING_ORDER_LEVEL,r,1,2025-06-11T11:31:26.688252
378,relationship_data.parent,Printer_4,Printr_4,Q2_CHAR_MISSING_ORDER_LEVEL,e,5,2025-06-11T11:31:26.688271
379,relationship_data.parent,Printer_4,Printr_4,Q2_CHAR_MISSING_ORDER_LEVEL,e,5,2025-06-11T11:31:26.688291
382,relationship_data.parent,Printer_5,Printer5,Q2_CHAR_MISSING_ORDER_LEVEL,_,7,2025-06-11T11:31:26.688310
383,relationship_data.parent,Printer_5,Printer5,Q2_CHAR_MISSING_ORDER_LEVEL,_,7,2025-06-11T11:31:26.688330
386,relationship_data.parent,Printer_6,Printe_6,Q2_CHAR_MISSING_ORDER_LEVEL,r,6,2025-06-11T11:31:26.688349
387,relationship_data.parent,Printer_6,Printe_6,Q2_CHAR_MISSING_ORDER_LEVEL,r,6,2025-06-11T11:31:26.688368
390,relationship_data.parent,Printer_7,Priner_7,Q2_CHAR_MISSING_ORDER_LEVEL,t,4,2025-06-11T11:31:26.688387
391,relationship_data.parent,Printer_7,Priner_7,Q2_CHAR_MISSING_ORDER_LEVEL,t,4,2025-06-11T11:31:26.688406
398,relationship_data.parent,Printer_9,Priter_9,Q2_CHAR_MISSING_ORDER_LEVEL,n,3,2025-06-11T11:31:26.688424
399,relationship_data.parent,Printer_9,Priter_9,Q2_CHAR_MISSING_ORDER_LEVEL,n,3,2025-06-11T11:31:26.688442
406,relationship_data.parent,Printer_10,Pinter_10,Q2_CHAR_MISSING_ORDER_LEVEL,r,1,2025-06-11T11:31:26.688461
407,relationship_data.parent,Printer_10,Pinter_10,Q2_CHAR_MISSING_ORDER_LEVEL,r,1,2025-06-11T11:31:26.688479
412,relationship_data.parent,Printer_1,Printer1,Q2_CHAR_MISSING_ORDER_LEVEL,_,7,2025-06-11T11:31:26.688498
413,relationship_data.parent,Printer_1,Printer1,Q2_CHAR_MISSING_ORDER_LEVEL,_,7,2025-06-11T11:31:26.688517
416,relationship_data.parent,Printer_2,Printr_2,Q2_CHAR_MISSING_ORDER_LEVEL,e,5,2025-06-11T11:31:26.688536
417,relationship_data.parent,Printer_2,Printr_2,Q2_CHAR_MISSING_ORDER_LEVEL,e,5,2025-06-11T11:31:26.688554
420,relationship_data.parent,Printer_4,Printr_4,Q2_CHAR_MISSING_ORDER_LEVEL,e,5,2025-06-11T11:31:26.688575
421,relationship_data.parent,Printer_4,Printr_4,Q2_CHAR_MISSING_ORDER_LEVEL,e,5,2025-06-11T11:31:26.688594
426,relationship_data.parent,Printer_5,Printer5,Q2_CHAR_MISSING_ORDER_LEVEL,_,7,2025-06-11T11:31:26.688613
427,relationship_data.parent,Printer_5,Printer5,Q2_CHAR_MISSING_ORDER_LEVEL,_,7,2025-06-11T11:31:26.688632
432,relationship_data.parent,Printer_6,Printe_6,Q2_CHAR_MISSING_ORDER_LEVEL,r,6,2025-06-11T11:31:26.688651
433,relationship_data.parent,Printer_6,Printe_6,Q2_CHAR_MISSING_ORDER_LEVEL,r,6,2025-06-11T11:31:26.688669
436,relationship_data.parent,Printer_7,Priner_7,Q2_CHAR_MISSING_ORDER_LEVEL,t,4,2025-06-11T11:31:26.688689
437,relationship_data.parent,Printer_7,Priner_7,Q2_CHAR_MISSING_ORDER_LEVEL,t,4,2025-06-11T11:31:26.688709
448,relationship_data.parent,Printer_9,Priter_9,Q2_CHAR_MISSING_ORDER_LEVEL,n,3,2025-06-11T11:31:26.688728
449,relationship_data.parent,Printer_9,Priter_9,Q2_CHAR_MISSING_ORDER_LEVEL,n,3,2025-06-11T11:31:26.688746
452,relationship_data.parent,Printer_9,Priter_9,Q2_CHAR_MISSING_ORDER_LEVEL,n,3,2025-06-11T11:31:26.688767
453,relationship_data.parent,Printer_9,Priter_9,Q2_CHAR_MISSING_ORDER_LEVEL,n,3,2025-06-11T11:31:26.688786
456,relationship_data.parent,Printer_10,Pinter_10,Q2_CHAR_MISSING_ORDER_LEVEL,r,1,2025-06-11T11:31:26.688804
457,relationship_data.parent,Printer_10,Pinter_10,Q2_CHAR_MISSING_ORDER_LEVEL,r,1,2025-06-11T11:31:26.688827
460,relationship_data.parent,Printer_1,Printer1,Q2_CHAR_MISSING_ORDER_LEVEL,_,7,2025-06-11T11:31:26.688846
461,relationship_data.parent,Printer_1,Printer1,Q2_CHAR_MISSING_ORDER_LEVEL,_,7,2025-06-11T11:31:26.688865
464,relationship_data.parent,Printer_2,Printr_2,Q2_CHAR_MISSING_ORDER_LEVEL,e,5,2025-06-11T11:31:26.688884
465,relationship_data.parent,Printer_2,Printr_2,Q2_CHAR_MISSING_ORDER_LEVEL,e,5,2025-06-11T11:31:26.688903
468,relationship_data.parent,Printer_3,Pinter_3,Q2_CHAR_MISSING_ORDER_LEVEL,r,1,2025-06-11T11:31:26.688922
469,relationship_data.parent,Printer_3,Pinter_3,Q2_CHAR_MISSING_ORDER_LEVEL,r,1,2025-06-11T11:31:26.688941
472,relationship_data.parent,Printer_4,Printr_4,Q2_CHAR_MISSING_ORDER_LEVEL,e,5,2025-06-11T11:31:26.688961
473,relationship_data.parent,Printer_4,Printr_4,Q2_CHAR_MISSING_ORDER_LEVEL,e,5,2025-06-11T11:31:26.688980
476,relationship_data.parent,Printer_5,Printer5,Q2_CHAR_MISSING_ORDER_LEVEL,_,7,2025-06-11T11:31:26.689000
477,relationship_data.parent,Printer_5,Printer5,Q2_CHAR_MISSING_ORDER_LEVEL,_,7,2025-06-11T11:31:26.689019
480,relationship_data.parent,Printer_6,Printe_6,Q2_CHAR_MISSING_ORDER_LEVEL,r,6,2025-06-11T11:31:26.689038
481,relationship_data.parent,Printer_6,Printe_6,Q2_CHAR_MISSING_ORDER_LEVEL,r,6,2025-06-11T11:31:26.689057
484,relationship_data.parent,Printer_7,Priner_7,Q2_CHAR_MISSING_ORDER_LEVEL,t,4,2025-06-11T11:31:26.689075
485,relationship_data.parent,Printer_7,Priner_7,Q2_CHAR_MISSING_ORDER_LEVEL,t,4,2025-06-11T11:31:26.689094
492,relationship_data.parent,Printer_9,Priter_9,Q2_CHAR_MISSING_ORDER_LEVEL,n,3,2025-06-11T11:31:26.689112
493,relationship_data.parent,Printer_9,Priter_9,Q2_CHAR_MISSING_ORDER_LEVEL,n,3,2025-06-11T11:31:26.689131
494,relationship_data.parent,Printer_4,Printr_4,Q2_CHAR_MISSING_ORDER_LEVEL,e,5,2025-06-11T11:31:26.689150
495,relationship_data.parent,Printer_4,Printr_4,Q2_CHAR_MISSING_ORDER_LEVEL,e,5,2025-06-11T11:31:26.689168
496,relationship_data.parent,Printer_5,Printer5,Q2_CHAR_MISSING_ORDER_LEVEL,_,7,2025-06-11T11:31:26.689187
497,relationship_data.parent,Printer_5,Printer5,Q2_CHAR_MISSING_ORDER_LEVEL,_,7,2025-06-11T11:31:26.689206
498,relationship_data.parent,Printer_6,Printe_6,Q2_CHAR_MISSING_ORDER_LEVEL,r,6,2025-06-11T11:31:26.689225
499,relationship_data.parent,Printer_6,Printe_6,Q2_CHAR_MISSING_ORDER_LEVEL,r,6,2025-06-11T11:31:26.689243
500,relationship_data.parent,Printer_7,Priner_7,Q2_CHAR_MISSING_ORDER_LEVEL,t,4,2025-06-11T11:31:26.689262
501,relationship_data.parent,Printer_7,Priner_7,Q2_CHAR_MISSING_ORDER_LEVEL,t,4,2025-06-11T11:31:26.689281
